insert into inventories(inventory_id, type) values('e5913a79-5151-5151-9ffd-06578e7a4321','Men');
insert into inventories(inventory_id, type) values('e5913a79-5151-5151-9ffd-06578e7a7894','Women');
insert into inventories(inventory_id, type) values('e5913a79-5151-5151-9ffd-06578e7a1234','Kids');

insert into watches(reference_number, inventory_id, brand, model, color, "year",status)values('a1913a79-5151-5151-9ffd-06578e7a1234','e5913a79-5151-5151-9ffd-06578e7a4321', 'Rolex', 'Submariner','Gold', 2021, 'AVAILABLE');
insert into watches(reference_number, inventory_id, brand, model, color, "year",status)values('a1913a79-5151-5151-9ffd-06578e710258','e5913a79-5151-5151-9ffd-06578e7a4321', 'Rolex', 'Datejust','Gold', 2000, 'AVAILABLE');
insert into watches(reference_number, inventory_id, brand, model, color, "year",status)values('a1913a79-5151-5151-9ffd-06578e147895','e5913a79-5151-5151-9ffd-06578e7a4321', 'Rolex', 'Submariner','Gold', 2002, 'AVAILABLE');
insert into watches(reference_number, inventory_id, brand, model, color, "year",status)values('a1913a79-5151-5151-9ffd-06578e700000','e5913a79-5151-5151-9ffd-06578e7a4321', 'Rolex', 'Daytona','Gold', 2022, 'AVAILABLE');
insert into watches(reference_number, inventory_id, brand, model, color, "year",status)values('a1913a79-5151-5151-9ffd-06578e766666','e5913a79-5151-5151-9ffd-06578e7a4321', 'Rolex', 'Submariner','Gold', 2006, 'AVAILABLE');
insert into watches(reference_number, inventory_id, brand, model, color, "year",status)values('a1913a79-5151-5151-9ffd-06578e799999','e5913a79-5151-5151-9ffd-06578e7a7894', 'Rolex', 'Explorer','Gold', 2007, 'AVAILABLE');
insert into watches(reference_number, inventory_id, brand, model, color, "year",status)values('a1913a79-5151-5151-9ffd-06578e788888','e5913a79-5151-5151-9ffd-06578e7a7894', 'Rolex', 'Explorer','Gold', 2008, 'AVAILABLE');
insert into watches(reference_number, inventory_id, brand, model, color, "year",status)values('a1913a79-5151-5151-9ffd-06578e711111','e5913a79-5151-5151-9ffd-06578e7a7894', 'Rolex', 'Submariner','Gold', 2015, 'AVAILABLE');
insert into watches(reference_number, inventory_id, brand, model, color, "year",status)values('a1913a79-5151-5151-9ffd-06578e333333','e5913a79-5151-5151-9ffd-06578e7a1234', 'Rolex', 'Day-Date','Gold', 2014, 'AVAILABLE');
insert into watches(reference_number, inventory_id, brand, model, color, "year",status)values('a1913a79-5151-5151-9ffd-065777777777','e5913a79-5151-5151-9ffd-06578e7a1234', 'Rolex', 'Submariner','Gold', 2009, 'AVAILABLE');

insert into watch_features(reference_number, bracelet, diameter, battery_type, price)values(1, 'Gold', 44, 'Solar', 60000.0);
insert into watch_features(reference_number, bracelet, diameter, battery_type, price)values(2, 'Silver', 46, 'Lithium', 70000.0);
insert into watch_features(reference_number, bracelet, diameter, battery_type, price)values(3, 'Gold', 44, 'Movement', 90000.0);
insert into watch_features(reference_number, bracelet, diameter, battery_type, price)values(4, 'Gold', 42, 'Solar', 100000.0);
insert into watch_features(reference_number, bracelet, diameter, battery_type, price)values(5, 'Silver', 44, 'Lithium', 150000.0);
insert into watch_features(reference_number, bracelet, diameter, battery_type, price)values(6, 'Gold', 42, 'Solar', 40000.0);
insert into watch_features(reference_number, bracelet, diameter, battery_type, price)values(7, 'Rose Gold', 44, 'Movement', 30000.0);
insert into watch_features(reference_number, bracelet, diameter, battery_type, price)values(8, 'Gold', 44, 'Movement', 20000.0);
insert into watch_features(reference_number, bracelet, diameter, battery_type, price)values(9, 'Gold', 46, 'Solar', 140000.0);
insert into watch_features(reference_number, bracelet, diameter, battery_type, price)values(10, 'Rose Cold', 48, 'Solar', 870000.0);




